RPM,Power_W,Torque_Nm,HP,Power_kW,Torque_lbft
1515.0,74825.4609375,469.6665344238281,100.34257870122032,74.8254609375,346.42603579101564
1545.0,78010.890625,477.8319396972656,104.61430954137052,78.010890625,352.4488387207031
1575.0,79406.546875,477.52874755859375,106.4859150797908,79.406546875,352.22520419921875
1605.0,80238.7109375,478.0398864746094,107.60186527759151,80.2387109375,352.6022202636719
1635.0,82207.796875,479.33935546875,110.24245256135174,82.207796875,353.56070859375
1665.0,84295.0234375,480.0267333984375,113.04146900563228,84.2950234375,354.06771855468753
1695.0,87288.921875,480.3746643066406,117.05635225291671,87.288921875,354.32435239257813
1725.0,87372.7421875,480.3719177246094,117.16875712417861,87.3727421875,354.3223265136719
1755.0,89125.359375,480.3631896972656,119.51905508247283,89.125359375,354.31588872070313
1785.0,90439.515625,480.3531188964844,121.28136733941263,90.439515625,354.3084604980469
1815.0,91863.828125,480.34173583984375,123.19140153547002,91.863828125,354.30006435546875
1845.0,93469.375,480.3118591308594,125.34447498994233,93.469375,354.2780272949219
1875.0,94885.4765625,480.2781677246094,127.24349813933216,94.8854765625,354.2531765136719
1905.0,97926.46875,480.2487487792969,131.3215351347727,97.92646875,354.2314770996094
1935.0,98156.7421875,480.2001953125,131.6303368479281,98.1567421875,354.19566406250004
1965.0,99439.328125,480.15130615234375,133.3503126257208,99.439328125,354.15960341796875
1995.0,101402.4765625,480.0967102050781,135.98293759219524,101.4024765625,354.11933344726566
2025.0,102730.96875,480.05780029296875,137.76447465468686,102.73096875,354.09063349609374
2055.0,104474.734375,479.96527099609375,140.10290247418533,104.474734375,354.0223838867188
2085.0,106201.0859375,479.8983154296875,142.41797765522327,106.2010859375,353.9729974609375
2115.0,107052.2109375,479.8533935546875,143.5593548846721,107.0522109375,353.93986308593753
2145.0,109024.3125,479.8053283691406,146.20398618747484,109.0243125,353.90441020507814
2175.0,109940.0234375,479.62713623046875,147.431974570873,109.9400234375,353.77297568359376
2205.0,111846.828125,479.6138916015625,149.98904133699878,111.846828125,353.7632064453125
2235.0,113528.5546875,479.5103454589844,152.2442734175942,113.5285546875,353.6868308105469
2265.0,114221.4140625,479.3329162597656,153.17341298444413,114.2214140625,353.5559590332031
2295.0,116032.3515625,479.2972412109375,155.60191975660453,116.0323515625,353.5296451171875
2325.0,118322.7265625,479.1396484375,158.67336269612443,118.3227265625,353.4134046875
2355.0,118684.0234375,478.9471130371094,159.15786970296364,118.6840234375,353.2713905761719
2385.0,120879.4921875,478.9606628417969,162.10204128671046,120.8794921875,353.2813849121094
2415.0,122023.28125,478.6637268066406,163.63588742121496,122.02328125,353.06236489257816
2445.0,123142.2734375,478.74078369140625,165.1364804043181,123.1422734375,353.11920205078127
2475.0,124700.9765625,478.44482421875,167.22673536609895,124.7009765625,352.90090234375003
2505.0,126025.796875,478.2016296386719,169.00334836395334,126.025796875,352.7215220214844
2535.0,127503.4765625,478.04132080078125,170.98494912498322,127.5034765625,352.6032782226563
2565.0,128976.890625,477.9088134765625,172.9608295896473,128.976890625,352.5055408203125
2595.0,130445.3359375,477.7754821777344,174.93004685195118,130.4453359375,352.4071956542969
2625.0,131836.46875,477.4942932128906,176.7955863618077,131.83646875,352.19979067382815
2655.0,133240.453125,477.40673828125,178.6783600978946,133.240453125,352.13521015625
2685.0,134905.4375,477.2618713378906,180.91114053909078,134.9054375,352.02835629882816
2715.0,136501.390625,477.012451171875,183.0513485651066,136.501390625,351.84438398437504
2745.0,137596.015625,476.8250427246094,184.51926461713825,137.596015625,351.7061515136719
2775.0,139129.0625,476.552978515625,186.57511398685799,139.1290625,351.505476953125
2805.0,140725.515625,476.2621765136719,188.71599252380312,140.725515625,351.29098139648437
2835.0,141865.96875,476.03887939453125,190.245365093201,141.86596875,351.1262774414063
2865.0,143154.515625,475.8942565917969,191.97333461847927,143.154515625,351.0196036621094
2895.0,144333.71875,475.548828125,193.55467178490008,144.33371875,350.76481562500004
2925.0,146337.96875,475.3288269042969,196.24241484511197,146.33796875,350.6025427246094
2955.0,147430.90625,475.01153564453125,197.70806792275712,147.43090625,350.36850869140625
2985.0,148632.046875,474.80535888671875,199.31882375620222,148.632046875,350.2164327148438
3015.0,150638.140625,474.6914978027344,202.009039325466,150.638140625,350.1324487792969
3045.0,151681.640625,474.22491455078125,203.40839563497383,151.681640625,349.78829697265627
3075.0,153035.015625,474.12200927734375,205.22330109293281,153.035015625,349.71239404296875
3105.0,154725.8125,473.6817321777344,207.49069666085555,154.7258125,349.3876456542969
3135.0,155707.8125,473.4158020019531,208.80758012605605,155.7078125,349.19149555664063
3165.0,157207.078125,473.1352844238281,210.81812810111305,157.207078125,348.98458579101566
3195.0,158748.125,472.8041687011719,212.884705645702,158.748125,348.7403548339844
3225.0,160337.109375,472.53485107421875,215.01556842564034,160.337109375,348.54170615234375
3255.0,161442.15625,472.1763610839844,216.49746043985516,161.44215625,348.2772839355469
3285.0,162845.71875,471.8500671386719,218.37966843234543,162.84571875,348.03660952148437
3315.0,164375.546875,471.73480224609375,220.4312013879576,164.375546875,347.9515901367188
3345.0,165779.28125,471.282958984375,222.31363986857986,165.77928125,347.618310546875
3375.0,167037.953125,470.9460754394531,224.00154636583076,167.037953125,347.36982524414066
3405.0,168124.828125,470.7432861328125,225.4590694984578,168.124828125,347.22024785156253
3435.0,169448.8125,470.2776794433594,227.2345614858522,169.4488125,346.8768163574219
3465.0,170771.578125,469.88543701171875,229.00841910285635,170.771578125,346.58749833984376
3495.0,172115.859375,469.5773010253906,230.81112964328818,172.115859375,346.36021723632814
3525.0,173589.8125,469.2127685546875,232.78773300254792,173.5898125,346.09133808593754
3555.0,174897.203125,468.77642822265625,234.54097240847526,174.897203125,345.7694934570313
3585.0,176165.875,468.4537048339844,236.24228912431272,176.165875,345.53145268554687
3615.0,177564.046875,468.0646057128906,238.11726817084616,177.564046875,345.24445317382816
3645.0,178922.96875,467.65380859375,239.93961210942737,178.92296875,344.94144921875
3675.0,180214.9375,467.2633056640625,241.67217044387823,180.2149375,344.6534142578125
3705.0,181498.140625,467.0483093261719,243.3929738835993,181.498140625,344.4948329589844
3735.0,182846.96875,466.4920349121094,245.20178188279468,182.84696875,344.0845249511719
3765.0,184197.1875,466.06903076171875,247.01245474051225,184.1971875,343.77251708984375
3795.0,185441.9375,465.6599426269531,248.6816916990747,185.4419375,343.47077368164065
3825.0,186700.8125,465.4053649902344,250.36987059139062,186.7008125,343.2829972167969
3855.0,188044.421875,464.9384460449219,252.17168013276114,188.044421875,342.93859780273436
3885.0,189323.0,464.5504150390625,253.88628134638594,189.323,342.6523861328125
3915.0,190545.90625,464.0037536621094,255.52622535872334,190.54590625,342.24916870117187
3945.0,191951.53125,463.6260070800781,257.4111992087971,191.95153125,341.97054282226566
3975.0,193206.8125,463.0867004394531,259.09455880380847,193.2068125,341.57275024414065
4005.0,194380.1875,462.7839050292969,260.66808032720934,194.3801875,341.3494083496094
4035.0,195764.109375,462.2738037109375,262.52394981225694,195.764109375,340.9731576171875
4065.0,196872.921875,461.71978759765625,264.0108916119083,196.872921875,340.56451533203125
4095.0,197996.84375,461.4161376953125,265.5180954137052,197.99684375,340.3405431640625
4125.0,199181.015625,461.05670166015625,267.10609578248625,199.181015625,340.07542314453127
4155.0,200676.8125,460.51336669921875,269.11199208797103,200.6768125,339.6746592773438
4185.0,201876.5,459.97052001953125,270.7207992490277,201.8765,339.2742555664063
4215.0,203222.921875,459.49224853515625,272.52638041437575,203.222921875,338.92148251953125
4245.0,204075.359375,458.9345397949219,273.66951773501404,204.075359375,338.5101165527344
4275.0,205398.90625,458.5823974609375,275.4444230253453,205.39890625,338.2503763671875
4305.0,206875.96875,458.073486328125,277.4251961244468,206.87596875,337.875003515625
4335.0,207980.90625,457.6199645996094,278.90694146439586,207.98090625,337.54048588867187
4365.0,209219.5,457.01312255859375,280.56792275714093,209.2195,337.09287919921877
4395.0,210479.265625,456.5137939453125,282.2572959970497,210.479265625,336.7245744140625
4425.0,211489.484375,456.0127868652344,283.61202142282417,211.489484375,336.3550315917969
4455.0,212733.640625,455.54150390625,285.28046214965804,212.733640625,336.00741328125
4485.0,213768.53125,455.051513671875,286.6682730991015,213.76853125,335.645996484375
4515.0,215269.5625,454.5720520019531,288.6811888158777,215.2695625,335.2923455566406
4545.0,216368.84375,453.8829345703125,290.1553490009387,216.36884375,334.78405253906254
4575.0,217454.8125,453.5451965332031,291.61165683250636,217.4548125,334.53493696289064
4605.0,218569.828125,452.8938293457031,293.10691715837464,218.569828125,334.05448852539064
4635.0,219805.328125,452.4351501464844,294.7637496647445,219.805328125,333.7161667480469
4665.0,221100.265625,451.8716735839844,296.50028915783827,221.100265625,333.3005464355469
4695.0,222152.828125,451.1910095214844,297.9117984779402,222.152828125,332.79848862304686
4725.0,223244.171875,450.689208984375,299.3753143019981,223.244171875,332.428360546875
4755.0,224295.703125,450.1875915527344,300.78544069330826,224.295703125,332.0583675292969
4785.0,225346.875,449.6980285644531,302.19508515488803,225.346875,331.69726586914067
4815.0,226699.46875,449.2098693847656,304.0089429395199,226.69946875,331.33719965820313
4845.0,227749.4375,448.4460754394531,305.4169739841759,227.7494375,330.77382524414065
4875.0,228777.734375,447.9478454589844,306.7959425707389,228.777734375,330.4063308105469
4905.0,230141.921875,447.38812255859375,308.62534782754454,230.141921875,329.99347919921877
4935.0,231166.96875,446.68072509765625,309.9999580930669,231.16696875,329.47170283203127
4965.0,232173.953125,446.13763427734375,311.3503461512673,232.173953125,329.07111904296875
4995.0,233282.515625,445.7974853515625,312.83695269545393,233.282515625,328.8202251953125
5025.0,234450.515625,445.1714172363281,314.40326622636445,234.450515625,328.3584373535156
5055.0,235419.75,444.3841857910156,315.70303070940054,235.41975,327.77777543945314
5085.0,236397.515625,443.8490295410156,317.0142357851683,236.397515625,327.38304418945313
5115.0,237696.34375,443.6319274902344,318.75599269143083,237.69634375,327.2229097167969
5145.0,238656.859375,442.6277160644531,320.04406514013675,238.656859375,326.4822033691406
5175.0,239611.25,442.05950927734375,321.3239238299584,239.61125,326.06309404296877
5205.0,240875.515625,441.8719177246094,323.0193316682312,240.875515625,325.9247265136719
5235.0,241812.15625,440.9862060546875,324.27538722006165,241.81215625,325.2714255859375
5265.0,243026.75,440.5575866699219,325.904183988199,243.02675,324.95527592773436
5295.0,244066.046875,439.5724182128906,327.2979038152072,244.066046875,324.22861567382813
5325.0,245011.90625,438.9425354003906,328.56632191229716,245.01190625,323.76401411132815
5355.0,246073.78125,438.3940124511719,329.9903194984578,246.07378125,323.3594235839844
5385.0,246946.515625,437.9056396484375,331.16067537213354,246.946515625,322.9991998046875
5415.0,248149.4375,437.1263122558594,332.77381990076435,248.1494375,322.4243679199219
5445.0,249049.921875,436.4954833984375,333.9813891310178,249.049921875,321.9590685546875
5475.0,249906.4375,435.9041748046875,335.1299953064235,249.9064375,321.5229193359375
5505.0,251105.765625,435.27215576171875,336.73832053774976,251.105765625,321.05674208984374
5535.0,252135.515625,434.5736389160156,338.11923779670104,252.135515625,320.54151606445316
5565.0,253096.625,433.9380187988281,339.40810647713556,253.096625,320.0726826660156
5595.0,253948.1875,433.2129821777344,340.55007040364757,253.9481875,319.5378956542969
5625.0,255075.3125,432.7162170410156,342.0615696660855,255.0753125,319.1714816894531
5655.0,255901.859375,432.0130920410156,343.1699870926646,255.901859375,318.65285668945313
5685.0,256961.984375,431.4560546875,344.5916378905726,256.961984375,318.24198593750003
5715.0,257824.96875,430.7487487792969,345.7489188011264,257.82496875,317.7202770996094
5745.0,258846.234375,430.0577087402344,347.1184583277457,258.846234375,317.2105659667969
5775.0,259871.40625,429.45709228515625,348.49323622100036,259.87140625,316.7675512695313
5805.0,260680.46875,428.7586669921875,349.5782067185195,260.68046875,316.2523927734375
5835.0,261534.03125,428.0354919433594,350.7228526887488,261.53403125,315.7189788574219
5865.0,262621.6875,427.419677734375,352.1814234947029,262.6216875,315.264754296875
5895.0,263551.40625,426.6735534667969,353.4281966608556,263.55140625,314.7144130371094
5925.0,264312.125,425.9979248046875,354.44833713289523,264.312125,314.2160693359375
5955.0,265333.3125,425.4256286621094,355.81777189218184,265.3333125,313.7939437011719
5985.0,266264.96875,424.6880187988281,357.06714328818555,266.26496875,313.24988266601565
6015.0,267266.6875,423.99591064453125,358.41047002816146,267.2666875,312.73938369140626
6045.0,268044.9375,423.2640380859375,359.4541202896607,268.0449375,312.19955449218753
6075.0,269094.6875,422.73248291015625,360.86185798578515,269.0946875,311.80747939453124
6105.0,269972.125,421.90185546875,362.03852085288986,269.972125,311.19480859375
6135.0,270740.75,421.3204345703125,363.0692637789996,270.74075,310.76595253906254
6165.0,271805.5625,420.6541442871094,364.49720061687003,271.8055625,310.2744968261719
6195.0,272530.28125,419.9245910644531,365.4690643019981,272.53028125,309.73637836914065
6225.0,273469.96875,419.2049865722656,366.7292057798042,273.46996875,309.2055980957031
6255.0,274325.9375,418.5177001953125,367.8770785838809,274.3259375,308.6986556640625
6285.0,275142.40625,417.93194580078125,368.9719810245407,275.14240625,308.2666032226563
6315.0,275994.46875,417.2542724609375,370.114615461982,275.99446875,307.7667513671875
6345.0,276912.78125,416.5069580078125,371.34609259755933,276.91278125,307.2155322265625
6375.0,277744.53125,415.9174499511719,372.4614875284967,277.74453125,306.7807110839844
6405.0,278457.15625,415.1627197265625,373.41713323052164,278.45715625,306.2240220703125
6435.0,279407.125,414.4256591796875,374.691062089312,279.407125,305.6803662109375
6465.0,280111.5625,413.7655334472656,375.6357281748692,280.1115625,305.19345747070315
6495.0,281010.8125,413.0076904296875,376.8416420812659,281.0108125,304.6344724609375
6525.0,281852.375,412.32305908203125,377.97019578919134,281.852375,304.1294883789063
6555.0,282607.625,411.5996398925781,378.9830025479415,282.607625,303.59589438476564
6585.0,283388.6875,410.8959655761719,380.03042443341826,283.3886875,303.0768642089844
6615.0,284210.34375,410.18890380859375,381.1322834249698,284.21034375,302.5553354492188
6645.0,285073.3125,409.4853515625,382.2895433820571,285.0733125,302.0363953125
6675.0,285839.3125,408.8025207519531,383.3167661257878,285.8393125,301.5327393066406
6705.0,286591.15625,408.05926513671875,384.3250050288319,286.59115625,300.98451396484376
6735.0,287435.4375,407.3581237792969,385.4572046399356,287.4354375,300.4673520996094
6765.0,288110.84375,406.65484619140625,386.36293918465867,288.11084375,299.94861455078126
6795.0,288935.34375,405.9564514160156,387.46861170712083,288.93534375,299.43347856445314
6825.0,289680.625,405.2559509277344,388.4680501542175,289.680625,298.9167894042969
6855.0,290470.65625,404.5707702636719,389.52749932948905,290.47065625,298.41140014648437
6885.0,291169.46875,403.85137939453125,390.4646221670913,291.16946875,297.8807774414063
6915.0,292002.375,403.16876220703125,391.58156765455277,292.002375,297.37727900390627
6945.0,292736.28125,402.4836120605469,392.5657519780072,292.73628125,296.8719122558594
6975.0,293483.53125,401.70794677734375,393.5678305618881,293.48353125,296.2997815429688
7005.0,293828.59375,400.9799499511719,394.0305669169907,293.82859375,295.7628110839844
7035.0,293799.125,399.6805725097656,393.99104867909347,293.799125,294.80439028320313
7065.0,293638.5,397.5243835449219,393.7756470430468,293.6385,293.2139853027344
7095.0,293542.46875,395.7696533203125,393.6468670376827,293.54246875,291.91969628906253
7125.0,293327.34375,393.7575988769531,393.35837971033925,293.32734375,290.4356049316406
7155.0,293052.1875,391.96820068359375,392.98938916454335,293.0521875,289.1157448242188
7185.0,292669.5625,389.660400390625,392.476280675875,292.6695625,287.413511328125
7215.0,292308.09375,387.4854736328125,391.9915431809038,292.30809375,285.8092853515625
7245.0,291722.34375,384.97052001953125,391.2060396271959,291.72234375,283.9542555664063
7275.0,291195.8125,382.8314208984375,390.4999497116803,291.1958125,282.37645605468754
